Year,Province_Code,Province_Name,GRDP_Billion_VND,Population,Industrial_Output_Billion_VND,Forest_Coverage_Pct,Estimated_Carbon_Tonnes,Decoupling_Index
2015,01,Hà Nội,525649.39,8400000,296925.45,17.4,71158000.0,135.37
2015,02,Hà Giang,12457.22,2781000,3773.61,57.0,789000.0,63.34
2015,04,Cao Bằng,8401.39,2475000,2472.76,67.5,537000.0,63.92
2015,06,Bắc Kạn,4266.57,2014000,1310.29,61.6,272000.0,63.75
2015,08,Tuyên Quang,16495.38,2266000,4858.35,52.7,1036000.0,62.81
2015,10,Lào Cai,29219.34,2391000,8645.54,65.3,1817000.0,62.18
2015,11,Điện Biên,12468.36,3185000,3750.09,54.3,807000.0,64.72
2015,12,Lai Châu,12364.52,3067000,3817.72,64.4,769000.0,62.19
2015,14,Sơn La,24659.59,4330000,7537.9,63.3,1605000.0,65.09
2015,15,Yên Bái,16953.43,2521000,4956.04,57.7,1018000.0,60.05
2015,17,Hoà Bình,25522.56,1947000,7713.41,57.3,1521000.0,59.59
2015,19,Thái Nguyên,62417.41,1681000,33969.49,63.7,8497000.0,136.13
2015,20,Lạng Sơn,17031.21,2877000,5100.85,53.9,1069000.0,62.77
2015,22,Quảng Ninh,123209.91,1350000,66595.84,8.1,15838000.0,128.54
2015,24,Bắc Giang,76258.79,1880000,42096.54,64.3,10081000.0,132.19
2015,25,Phú Thọ,37770.07,1683000,20683.22,52.4,4885000.0,129.34
2015,26,Vĩnh Phúc,62027.57,1109000,33411.02,6.0,8651000.0,139.47
2015,27,Bắc Ninh,101035.69,1450000,56263.38,5.3,13953000.0,138.1
2015,30,Hải Dương,74880.55,1217000,41245.48,12.3,9917000.0,132.44
2015,31,Hải Phòng,172676.48,2080000,92917.78,10.0,22728000.0,131.62
2015,33,Hưng Yên,58596.92,1032000,32779.75,8.4,7853000.0,134.02
2015,34,Thái Bình,46291.97,1196000,13509.67,15.3,2813000.0,60.77
2015,35,Hà Nam,37079.23,1015000,20942.84,21.4,5167000.0,139.35
2015,36,Nam Định,41600.93,1217000,12179.01,16.6,2614000.0,62.84
2015,37,Ninh Bình,37165.25,1152000,20434.97,5.6,5208000.0,140.13
2015,38,Thanh Hóa,106971.17,3700000,59315.68,49.1,14578000.0,136.28
2015,40,Nghệ An,80963.12,3400000,23923.57,50.3,5092000.0,62.89
2015,42,Hà Tĩnh,41473.78,2299000,22231.62,48.8,5451000.0,131.43
2015,44,Quảng Bình,21324.64,2816000,6515.66,53.2,1352000.0,63.4
2015,45,Quảng Trị,16975.17,1984000,4996.78,56.6,1054000.0,62.09
2015,46,Thừa Thiên Huế,29710.97,2062000,9125.12,49.1,1781000.0,59.94
2015,48,Đà Nẵng,58061.26,1190000,31794.03,55.6,8071000.0,139.01
2015,49,Quảng Nam,49322.05,3443000,27144.62,50.4,6574000.0,133.29
2015,51,Quảng Ngãi,53678.4,2088000,29235.47,57.3,7181000.0,133.78
2015,52,Bình Định,46156.15,2316000,14015.52,49.7,2998000.0,64.95
2015,54,Phú Yên,21352.11,2055000,6310.23,51.5,1292000.0,60.51
2015,56,Khánh Hòa,45724.54,2084000,24449.7,52.9,6165000.0,134.83
2015,58,Ninh Thuận,20588.19,1638000,11173.11,56.8,2743000.0,133.23
2015,60,Bình Thuận,41333.06,2753000,22718.8,57.8,5488000.0,132.78
2015,62,Kon Tum,12665.19,3218000,3859.2,55.8,802000.0,63.32
2015,64,Gia Lai,37536.19,4677000,11350.25,62.1,2371000.0,63.17
2015,66,Đắk Lắk,45365.62,4057000,13883.49,57.1,2817000.0,62.1
2015,67,Đắk Nông,16463.37,2427000,4965.95,62.8,1010000.0,61.35
2015,68,Lâm Đồng,50338.68,3245000,14853.78,62.3,3070000.0,60.99
2015,70,Bình Phước,38023.97,2517000,20771.06,20.9,4897000.0,128.79
2015,72,Tây Ninh,45828.27,1810000,24620.99,20.7,6350000.0,138.56
2015,74,Bình Dương,191004.2,2600000,106060.71,18.9,25889000.0,135.54
2015,75,Đồng Nai,184704.73,3200000,100014.13,6.6,25438000.0,137.72
2015,77,Bà Rịa - Vũng Tàu,161880.68,1170000,89745.41,10.8,21035000.0,129.94
2015,79,Hồ Chí Minh,676921.29,9300000,381177.52,20.1,91658000.0,135.4
2015,80,Long An,67466.92,1923000,36180.93,7.7,9251000.0,137.12
2015,82,Tiền Giang,46317.83,1427000,13486.16,6.7,2927000.0,63.19
2015,83,Bến Tre,28768.98,1398000,8455.05,14.3,1867000.0,64.9
2015,84,Trà Vinh,29528.44,1389000,15971.96,17.1,3840000.0,130.04
2015,86,Vĩnh Long,33308.63,1181000,10140.37,16.0,2160000.0,64.85
2015,87,Đồng Tháp,46412.26,1645000,13980.74,6.6,2859000.0,61.6
2015,89,An Giang,49841.8,1684000,14722.86,21.5,3125000.0,62.7
2015,91,Kiên Giang,55361.98,2387000,30688.67,18.5,7286000.0,131.61
2015,92,Cần Thơ,50469.12,1159000,27745.55,8.3,6843000.0,135.59
2015,93,Hậu Giang,20780.47,1205000,6056.21,16.0,1279000.0,61.55
2015,94,Sóc Trăng,29867.13,1627000,9204.17,20.6,1819000.0,60.9
2015,95,Bạc Liêu,20557.99,1467000,11597.47,12.3,2906000.0,141.36
2015,96,Cà Mau,29894.32,2105000,16790.12,10.0,3886000.0,129.99
2016,01,Hà Nội,575312.97,8492400,312946.34,7.9,76025000.0,132.15
2016,02,Hà Giang,13654.08,2811590,4026.38,62.0,817000.0,59.84
2016,04,Cao Bằng,8843.97,2502224,2658.18,60.7,569000.0,64.34
2016,06,Bắc Kạn,4543.45,2036153,1401.95,60.3,278000.0,61.19
2016,08,Tuyên Quang,18223.6,2290926,5391.91,59.0,1088000.0,59.7
2016,10,Lào Cai,30920.71,2417300,9533.71,65.4,2002000.0,64.75
2016,11,Điện Biên,13459.0,3220034,3958.55,54.5,828000.0,61.52
2016,12,Lai Châu,13534.8,3100736,4112.72,62.6,830000.0,61.32
2016,14,Sơn La,27507.95,4377630,8370.18,60.9,1704000.0,61.95
2016,15,Yên Bái,17953.01,2548730,5304.38,57.7,1149000.0,64.0
2016,17,Hoà Bình,26491.62,1968416,7764.41,52.7,1627000.0,61.42
2016,19,Thái Nguyên,68501.32,1699490,38136.1,59.6,8720000.0,127.3
2016,20,Lạng Sơn,18004.89,2908646,5392.87,54.8,1120000.0,62.21
2016,22,Quảng Ninh,132550.34,1364849,73955.85,16.8,17701000.0,133.54
2016,24,Bắc Giang,80720.15,1900679,44704.68,62.2,10418000.0,129.06
2016,25,Phú Thọ,40321.35,1701512,22344.21,60.1,5560000.0,137.89
2016,26,Vĩnh Phúc,68719.33,1121199,38240.18,14.7,8719000.0,126.88
2016,27,Bắc Ninh,108562.72,1465949,61465.15,7.4,14436000.0,132.97
2016,30,Hải Dương,80593.67,1230386,43777.56,18.8,11080000.0,137.48
2016,31,Hải Phòng,187322.69,2102880,105581.99,13.7,24629000.0,131.48
2016,33,Hưng Yên,63790.42,1043351,35400.42,16.9,8608000.0,134.94
2016,34,Thái Bình,50302.74,1209155,14944.13,11.4,2996000.0,59.56
2016,35,Hà Nam,40651.49,1026164,21735.79,12.9,5424000.0,133.43
2016,36,Nam Định,44642.87,1230386,13465.85,5.5,2711000.0,60.73
2016,37,Ninh Bình,41047.53,1164671,22386.76,7.2,5415000.0,131.92
2016,38,Thanh Hóa,117814.2,3740699,63487.34,45.9,15795000.0,134.07
2016,40,Nghệ An,83931.61,3437399,25309.07,57.2,5382000.0,64.12
2016,42,Hà Tĩnh,44825.91,2324289,24866.21,51.0,6028000.0,134.48
2016,44,Quảng Bình,22911.22,2846975,6826.39,57.5,1453000.0,63.42
2016,45,Quảng Trị,17791.77,2005823,5199.62,46.3,1083000.0,60.87
2016,46,Thừa Thiên Huế,31007.82,2084681,9404.49,45.9,1942000.0,62.63
2016,48,Đà Nẵng,63907.88,1203089,34143.93,55.6,8262000.0,129.28
2016,49,Quảng Nam,53207.53,3480872,29609.58,53.2,7425000.0,139.55
2016,51,Quảng Ngãi,59085.93,2110968,33089.0,48.7,7607000.0,128.74
2016,52,Bình Định,50026.58,2341475,15284.27,57.9,3075000.0,61.47
2016,54,Phú Yên,22398.41,2077604,6830.96,49.4,1456000.0,65.0
2016,56,Khánh Hòa,50240.15,2106924,27514.36,54.8,6742000.0,134.2
2016,58,Ninh Thuận,22156.26,1656017,12480.27,51.6,3082000.0,139.1
2016,60,Bình Thuận,44703.22,2783282,25170.25,50.1,5771000.0,129.1
2016,62,Kon Tum,13727.24,3253397,4017.18,57.1,875000.0,63.74
2016,64,Gia Lai,41255.02,4728446,12431.04,62.1,2523000.0,61.16
2016,66,Đắk Lắk,49120.37,4101626,14584.62,62.8,3160000.0,64.33
2016,67,Đắk Nông,18221.0,2453696,5561.29,53.5,1126000.0,61.8
2016,68,Lâm Đồng,53076.54,3280694,15970.28,59.1,3483000.0,65.62
2016,70,Bình Phước,40282.93,2544686,21646.56,7.4,5519000.0,137.01
2016,72,Tây Ninh,49764.28,1829909,26715.31,6.4,6713000.0,134.9
2016,74,Bình Dương,203586.05,2628599,114134.69,17.0,26704000.0,131.17
2016,75,Đồng Nai,194830.17,3235199,110285.39,11.4,26155000.0,134.25
2016,77,Bà Rịa - Vũng Tàu,173244.7,1182869,97841.54,21.8,23287000.0,134.42
2016,79,Hồ Chí Minh,716871.39,9402299,384426.24,18.2,96551000.0,134.68
2016,80,Long An,71825.35,1944152,40467.1,6.9,9605000.0,133.73
2016,82,Tiền Giang,48561.96,1442696,14541.19,6.0,3003000.0,61.84
2016,83,Bến Tre,31036.92,1413377,9394.43,17.7,1984000.0,63.92
2016,84,Trà Vinh,32101.82,1404278,17523.44,9.9,4328000.0,134.82
2016,86,Vĩnh Long,35623.6,1193990,10984.11,5.2,2337000.0,65.6
2016,87,Đồng Tháp,48624.97,1663094,14929.84,14.0,3219000.0,66.2
2016,89,An Giang,53111.64,1702523,15984.98,21.5,3385000.0,63.73
2016,91,Kiên Giang,58838.51,2413256,32741.26,12.7,7888000.0,134.06
2016,92,Cần Thơ,54215.03,1171748,30535.98,5.8,7081000.0,130.61
2016,93,Hậu Giang,22919.28,1218254,7036.79,12.7,1421000.0,62.0
2016,94,Sóc Trăng,31238.46,1644896,9196.17,12.9,1948000.0,62.36
2016,95,Bạc Liêu,22589.0,1483136,12109.18,21.6,3120000.0,138.12
2016,96,Cà Mau,31768.97,2128155,17510.78,10.3,4310000.0,135.67
2017,01,Hà Nội,635413.64,8584800,342403.03,20.5,81707000.0,128.59
2017,02,Hà Giang,15030.12,2842182,4582.71,60.3,914000.0,60.81
2017,04,Cao Bằng,10032.74,2529450,3020.83,66.0,588000.0,58.61
2017,06,Bắc Kạn,4932.69,2058308,1437.97,64.1,299000.0,60.62
2017,08,Tuyên Quang,20187.36,2315852,5951.91,54.2,1139000.0,56.42
2017,10,Lào Cai,34832.4,2443602,10506.1,58.3,2064000.0,59.26
2017,11,Điện Biên,15260.71,3255070,4536.53,60.2,909000.0,59.56
2017,12,Lai Châu,14955.78,3134474,4519.6,65.8,921000.0,61.58
2017,14,Sơn La,29611.83,4425260,9110.93,59.9,1744000.0,58.9
2017,15,Yên Bái,19991.17,2576462,6170.09,59.9,1169000.0,58.48
2017,17,Hoà Bình,30196.12,1989834,8917.6,53.2,1725000.0,57.13
2017,19,Thái Nguyên,73972.43,1717982,39835.1,54.2,9589000.0,129.63
2017,20,Lạng Sơn,19769.1,2940294,5875.81,66.3,1183000.0,59.84
2017,22,Quảng Ninh,144455.91,1379700,80931.17,21.8,17820000.0,123.36
2017,24,Bắc Giang,90711.48,1921360,48910.41,55.1,10961000.0,120.83
2017,25,Phú Thọ,44457.15,1720026,24126.61,54.8,5502000.0,123.76
2017,26,Vĩnh Phúc,76440.64,1133398,42611.74,15.4,9420000.0,123.23
2017,27,Bắc Ninh,122222.98,1481900,68699.11,5.8,14597000.0,119.43
2017,30,Hải Dương,90446.83,1243774,49390.25,21.5,11690000.0,129.25
2017,31,Hải Phòng,208022.59,2125760,114197.51,12.1,25449000.0,122.34
2017,33,Hưng Yên,68840.02,1054704,38690.56,18.8,9204000.0,133.7
2017,34,Thái Bình,56159.63,1222312,16903.92,18.1,3376000.0,60.11
2017,35,Hà Nam,45683.89,1037330,24745.25,12.7,5521000.0,120.85
2017,36,Nam Định,50968.94,1243774,15388.09,8.9,3004000.0,58.94
2017,37,Ninh Bình,45266.66,1177344,24684.79,6.9,5768000.0,127.42
2017,38,Thanh Hóa,128180.3,3781400,70333.26,47.7,16258000.0,126.84
2017,40,Nghệ An,95126.53,3474800,28863.97,45.5,5765000.0,60.6
2017,42,Hà Tĩnh,50315.86,2349578,26979.27,56.4,6534000.0,129.86
2017,44,Quảng Bình,24590.43,2877952,7278.37,55.5,1511000.0,61.45
2017,45,Quảng Trị,19771.22,2027648,5827.93,49.8,1184000.0,59.89
2017,46,Thừa Thiên Huế,35207.58,2107364,10479.2,51.0,2115000.0,60.07
2017,48,Đà Nẵng,68784.81,1216180,37269.7,54.3,9130000.0,132.73
2017,49,Quảng Nam,60099.76,3518746,33118.56,46.4,7554000.0,125.69
2017,51,Quảng Ngãi,65162.58,2133936,35285.64,48.5,8137000.0,124.87
2017,52,Bình Định,54008.62,2366952,16029.62,47.7,3215000.0,59.53
2017,54,Phú Yên,24649.18,2100210,7568.03,52.7,1503000.0,60.98
2017,56,Khánh Hòa,55702.66,2129848,30633.6,46.1,6974000.0,125.2
2017,58,Ninh Thuận,25116.82,1674036,14017.68,50.6,3067000.0,122.11
2017,60,Bình Thuận,49626.79,2813566,27070.51,53.4,6357000.0,128.1
2017,62,Kon Tum,14931.48,3288796,4610.2,61.7,870000.0,58.27
2017,64,Gia Lai,44336.13,4779894,13023.8,55.9,2595000.0,58.53
2017,66,Đắk Lắk,54375.35,4146254,16102.27,54.8,3363000.0,61.85
2017,67,Đắk Nông,19687.69,2480394,5914.99,58.6,1231000.0,62.53
2017,68,Lâm Đồng,59139.48,3316390,17633.11,67.5,3660000.0,61.89
2017,70,Bình Phước,45625.19,2572374,24729.35,7.9,5766000.0,126.38
2017,72,Tây Ninh,56011.48,1849820,30911.23,14.7,6831000.0,121.96
2017,74,Bình Dương,232757.15,2657200,125612.62,10.5,28906000.0,124.19
2017,75,Đồng Nai,220329.95,3270400,119308.56,7.0,28061000.0,127.36
2017,77,Bà Rịa - Vũng Tàu,188618.72,1195740,104245.96,7.6,23986000.0,127.17
2017,79,Hồ Chí Minh,802000.11,9504600,429238.62,10.7,98187000.0,122.43
2017,80,Long An,78696.73,1965306,44555.62,10.5,10365000.0,131.71
2017,82,Tiền Giang,54525.29,1458394,16535.72,17.9,3285000.0,60.25
2017,83,Bến Tre,35001.98,1428756,10445.05,10.9,2146000.0,61.31
2017,84,Trà Vinh,35505.25,1419558,20072.75,7.1,4507000.0,126.94
2017,86,Vĩnh Long,40749.98,1206982,11991.18,6.1,2416000.0,59.29
2017,87,Đồng Tháp,55229.76,1681190,16908.75,7.4,3337000.0,60.42
2017,89,An Giang,59354.75,1721048,17447.08,7.8,3645000.0,61.41
2017,91,Kiên Giang,65507.7,2439514,36079.1,11.1,8466000.0,129.24
2017,92,Cần Thơ,59813.26,1184498,33522.21,12.5,7511000.0,125.57
2017,93,Hậu Giang,24992.51,1231510,7408.4,17.7,1482000.0,59.3
2017,94,Sóc Trăng,34666.47,1662794,10649.27,11.5,2082000.0,60.06
2017,95,Bạc Liêu,25436.83,1499274,14094.54,7.0,3272000.0,128.63
2017,96,Cà Mau,35220.83,2151310,19179.57,7.4,4529000.0,128.59
2018,01,Hà Nội,701751.17,8677200,386738.03,20.2,89205000.0,127.12
2018,02,Hà Giang,16766.34,2872773,4925.04,61.2,981000.0,58.51
2018,04,Cao Bằng,11052.02,2556675,3362.64,66.9,671000.0,60.71
2018,06,Bắc Kạn,5531.93,2080461,1621.07,67.8,333000.0,60.2
2018,08,Tuyên Quang,21838.46,2340778,6716.97,65.9,1299000.0,59.48
2018,10,Lào Cai,38941.48,2469903,11611.65,52.9,2241000.0,57.55
2018,11,Điện Biên,16829.94,3290104,4898.92,57.3,965000.0,57.34
2018,12,Lai Châu,16653.37,3168210,5121.87,57.5,961000.0,57.71
2018,14,Sơn La,33572.94,4472890,10043.01,55.6,1939000.0,57.75
2018,15,Yên Bái,21852.82,2604193,6428.55,60.0,1289000.0,58.99
2018,17,Hoà Bình,33808.85,2011250,10058.91,61.3,1967000.0,58.18
2018,19,Thái Nguyên,81523.18,1736472,45277.71,54.8,10763000.0,132.02
2018,20,Lạng Sơn,21859.74,2971940,6524.33,53.4,1349000.0,61.71
2018,22,Quảng Ninh,159726.76,1394550,89543.06,6.9,20624000.0,129.12
2018,24,Bắc Giang,99779.74,1942039,55192.93,53.1,12705000.0,127.33
2018,25,Phú Thọ,49306.63,1738538,27766.33,55.3,6074000.0,123.19
2018,26,Vĩnh Phúc,81984.06,1145597,44581.85,9.2,10583000.0,129.09
2018,27,Bắc Ninh,130545.84,1497849,72101.3,18.0,17109000.0,131.06
2018,30,Hải Dương,98284.34,1257161,53723.25,18.6,12107000.0,123.18
2018,31,Hải Phòng,224794.94,2148640,125285.94,17.2,28692000.0,127.64
2018,33,Hưng Yên,78201.66,1066056,43121.17,9.3,9568000.0,122.35
2018,34,Thái Bình,60194.62,1235468,18500.94,14.9,3540000.0,58.81
2018,35,Hà Nam,49809.67,1048494,28130.53,7.6,6271000.0,125.9
2018,36,Nam Định,55441.38,1257161,16743.64,5.3,3340000.0,60.24
2018,37,Ninh Bình,50747.75,1190016,28020.34,16.8,6439000.0,126.88
2018,38,Thanh Hóa,141442.05,3822099,77662.75,52.3,17367000.0,122.79
2018,40,Nghệ An,106474.48,3512199,31852.82,51.8,6134000.0,57.61
2018,42,Hà Tĩnh,55208.3,2374867,30473.22,47.0,6744000.0,122.16
2018,44,Quảng Bình,28115.22,2908928,8660.33,49.9,1592000.0,56.62
2018,45,Quảng Trị,22299.03,2049471,6653.08,45.3,1262000.0,56.59
2018,46,Thừa Thiên Huế,39135.01,2130046,11852.45,45.4,2220000.0,56.73
2018,48,Đà Nẵng,76764.91,1229270,42656.15,45.3,9381000.0,122.2
2018,49,Quảng Nam,67311.93,3556618,36307.51,53.5,8130000.0,120.78
2018,51,Quảng Ngãi,70902.3,2156904,38395.35,54.4,9252000.0,130.49
2018,52,Bình Định,61776.51,2392428,18418.62,53.7,3484000.0,56.4
2018,54,Phú Yên,27484.85,2122815,8441.53,45.2,1568000.0,57.05
2018,56,Khánh Hòa,60258.73,2152772,32200.79,47.4,7663000.0,127.17
2018,58,Ninh Thuận,27627.05,1692053,15552.87,55.6,3416000.0,123.65
2018,60,Bình Thuận,54894.93,2843849,29974.27,52.7,6792000.0,123.73
2018,62,Kon Tum,16711.07,3324193,4986.07,60.8,968000.0,57.93
2018,64,Gia Lai,49475.36,4831341,15241.98,64.2,2835000.0,57.3
2018,66,Đắk Lắk,61869.79,4190880,18546.94,66.3,3654000.0,59.06
2018,67,Đắk Nông,22105.0,2507091,6441.5,56.3,1302000.0,58.9
2018,68,Lâm Đồng,66869.11,3352084,19769.32,54.2,3997000.0,59.77
2018,70,Bình Phước,50852.07,2600061,28011.75,7.9,6115000.0,120.25
2018,72,Tây Ninh,59796.58,1869729,33705.65,7.0,7659000.0,128.08
2018,74,Bình Dương,252665.9,2685800,139417.98,16.1,32672000.0,129.31
2018,75,Đồng Nai,241020.63,3305599,128671.96,7.3,31422000.0,130.37
2018,77,Bà Rịa - Vũng Tàu,213777.68,1208610,118264.94,15.2,26643000.0,124.63
2018,79,Hồ Chí Minh,875337.2,9606900,493406.22,12.1,109685000.0,125.31
2018,80,Long An,88752.42,1986458,47486.97,7.8,11283000.0,127.13
2018,82,Tiền Giang,59953.66,1474090,18097.42,9.2,3537000.0,59.0
2018,83,Bến Tre,38471.88,1444134,11441.62,17.2,2234000.0,58.07
2018,84,Trà Vinh,38902.88,1434837,21365.84,16.3,5013000.0,128.86
2018,86,Vĩnh Long,44755.17,1219973,13196.91,5.5,2546000.0,56.89
2018,87,Đồng Tháp,61203.03,1699284,17866.74,13.4,3596000.0,58.76
2018,89,An Giang,66072.98,1739571,20144.09,6.8,3760000.0,56.91
2018,91,Kiên Giang,72714.52,2465771,39982.17,16.7,8949000.0,123.07
2018,92,Cần Thơ,65839.27,1197247,36904.91,18.6,8433000.0,128.08
2018,93,Hậu Giang,27461.57,1244765,8283.07,11.1,1569000.0,57.13
2018,94,Sóc Trăng,39447.49,1680690,11576.37,21.2,2261000.0,57.32
2018,95,Bạc Liêu,27365.11,1515410,15088.65,19.8,3524000.0,128.78
2018,96,Cà Mau,39275.6,2174465,21807.38,16.8,4979000.0,126.77
2019,01,Hà Nội,753088.69,8769600,413935.97,8.8,98616000.0,130.95
2019,02,Hà Giang,18430.14,2903364,5628.16,68.0,1047000.0,56.81
2019,04,Cao Bằng,12203.74,2583900,3639.58,59.7,713000.0,58.42
2019,06,Bắc Kạn,6127.59,2102616,1891.67,64.3,351000.0,57.28
2019,08,Tuyên Quang,24073.42,2365704,7324.98,55.8,1368000.0,56.83
2019,10,Lào Cai,42015.68,2496204,12443.8,56.7,2419000.0,57.57
2019,11,Điện Biên,17780.3,3325140,5179.79,67.8,1053000.0,59.22
2019,12,Lai Châu,18028.24,3201948,5466.77,55.5,1097000.0,60.85
2019,14,Sơn La,36638.99,4520520,10720.91,58.7,2183000.0,59.58
2019,15,Yên Bái,24578.99,2631924,7359.27,61.8,1375000.0,55.94
2019,17,Hoà Bình,36935.77,2032668,10902.33,67.1,2144000.0,58.05
2019,19,Thái Nguyên,90950.49,1754964,50060.85,55.7,11007000.0,121.02
2019,20,Lạng Sơn,23879.39,3003588,7029.04,64.5,1395000.0,58.42
2019,22,Quảng Ninh,176465.69,1409400,95876.02,20.7,22668000.0,128.46
2019,24,Bắc Giang,106750.25,1962720,60365.17,66.1,14023000.0,131.36
2019,25,Phú Thọ,55411.79,1757052,29880.17,58.3,6920000.0,124.88
2019,26,Vĩnh Phúc,92168.78,1157796,49291.96,17.0,11684000.0,126.77
2019,27,Bắc Ninh,143045.01,1513800,78995.49,20.6,17405000.0,121.67
2019,30,Hải Dương,110603.44,1270548,60737.78,19.7,13933000.0,125.97
2019,31,Hải Phòng,245740.14,2171520,137824.39,5.6,31122000.0,126.65
2019,33,Hưng Yên,83610.05,1077408,44938.62,6.3,10712000.0,128.12
2019,34,Thái Bình,65985.47,1248624,20062.61,6.1,3827000.0,58.0
2019,35,Hà Nam,54421.96,1059660,30454.19,10.4,6848000.0,125.83
2019,36,Nam Định,61305.59,1270548,18519.53,9.0,3397000.0,55.41
2019,37,Ninh Bình,55140.52,1202688,29456.17,19.9,6795000.0,123.23
2019,38,Thanh Hóa,158201.83,3862800,85204.11,55.6,19154000.0,121.07
2019,40,Nghệ An,113442.38,3549600,34108.21,52.7,6752000.0,59.52
2019,42,Hà Tĩnh,59386.95,2400156,33402.56,48.5,7310000.0,123.09
2019,44,Quảng Bình,30656.14,2939904,9448.28,56.2,1809000.0,59.01
2019,45,Quảng Trị,24299.35,2071296,7312.05,46.1,1402000.0,57.7
2019,46,Thừa Thiên Huế,42046.22,2152728,12432.04,54.4,2471000.0,58.77
2019,48,Đà Nẵng,83106.42,1242360,44941.13,53.9,10188000.0,122.59
2019,49,Quảng Nam,73465.95,3594492,40394.51,51.2,9106000.0,123.95
2019,51,Quảng Ngãi,79504.83,2179872,43328.36,53.8,9844000.0,123.82
2019,52,Bình Định,65791.95,2417904,20185.98,55.4,3933000.0,59.78
2019,54,Phú Yên,30610.06,2145420,9385.39,54.2,1813000.0,59.23
2019,56,Khánh Hòa,66935.4,2175696,37212.38,53.0,8454000.0,126.3
2019,58,Ninh Thuận,29774.52,1710072,16750.21,56.3,3625000.0,121.75
2019,60,Bình Thuận,61160.31,2874132,32889.12,49.4,7680000.0,125.57
2019,62,Kon Tum,17866.27,3359592,5462.14,65.3,1060000.0,59.33
2019,64,Gia Lai,53263.29,4882788,15774.81,61.9,3300000.0,61.96
2019,66,Đắk Lắk,66760.98,4235508,19739.65,62.1,3897000.0,58.37
2019,67,Đắk Nông,24419.72,2533788,7153.16,64.2,1417000.0,58.03
2019,68,Lâm Đồng,73789.89,3387780,21926.94,62.1,4384000.0,59.41
2019,70,Bình Phước,53472.21,2627748,30181.24,16.7,6545000.0,122.4
2019,72,Tây Ninh,65882.1,1889640,36687.74,6.1,8341000.0,126.6
2019,74,Bình Dương,276005.97,2714400,152904.61,5.8,35681000.0,129.28
2019,75,Đồng Nai,270674.48,3340800,153059.1,17.7,32163000.0,118.83
2019,77,Bà Rịa - Vũng Tàu,231789.25,1221480,123847.63,5.4,28221000.0,121.75
2019,79,Hồ Chí Minh,965536.86,9709200,539661.19,16.6,120003000.0,124.29
2019,80,Long An,95722.88,2007612,54217.93,12.2,12006000.0,125.42
2019,82,Tiền Giang,65517.27,1489788,20002.85,16.8,3797000.0,57.95
2019,83,Bến Tre,41555.47,1459512,12601.65,16.1,2427000.0,58.4
2019,84,Trà Vinh,43023.6,1450116,23167.56,12.3,5460000.0,126.91
2019,86,Vĩnh Long,48143.7,1232964,14563.15,11.8,2774000.0,57.62
2019,87,Đồng Tháp,67696.48,1717380,20198.46,20.2,3800000.0,56.13
2019,89,An Giang,71616.77,1758096,20880.62,16.1,4193000.0,58.55
2019,91,Kiên Giang,79629.4,2492028,43725.77,21.5,9546000.0,119.88
2019,92,Cần Thơ,73516.42,1209996,41105.07,18.1,9289000.0,126.35
2019,93,Hậu Giang,30501.92,1258020,9219.88,7.2,1699000.0,55.7
2019,94,Sóc Trăng,42972.86,1698588,12982.09,18.5,2468000.0,57.43
2019,95,Bạc Liêu,29724.65,1531548,15980.9,16.7,3745000.0,125.99
2019,96,Cà Mau,41755.19,2197620,22953.77,6.1,5308000.0,127.12
2020,01,Hà Nội,785609.33,8862000,439799.38,10.3,99013000.0,126.03
2020,02,Hà Giang,19037.31,2933955,5838.31,63.4,1136000.0,59.67
2020,04,Cao Bằng,12505.46,2611125,3822.5,53.3,763000.0,61.01
2020,06,Bắc Kạn,6305.13,2124770,1927.55,59.2,374000.0,59.32
2020,08,Tuyên Quang,25199.16,2390630,7664.79,53.3,1427000.0,56.63
2020,10,Lào Cai,43606.39,2522505,12814.69,65.9,2530000.0,58.02
2020,11,Điện Biên,19238.8,3360175,5715.16,54.9,1135000.0,59.0
2020,12,Lai Châu,18999.29,3235685,5699.17,60.9,1128000.0,59.37
2020,14,Sơn La,37348.74,4568150,11538.3,67.6,2245000.0,60.11
2020,15,Yên Bái,24870.05,2659655,7541.7,53.2,1423000.0,57.22
2020,17,Hoà Bình,37392.89,2054084,11192.71,65.9,2258000.0,60.39
2020,19,Thái Nguyên,95313.61,1773455,52188.14,57.5,11708000.0,122.84
2020,20,Lạng Sơn,25663.6,3035235,7486.64,65.9,1488000.0,57.98
2020,22,Quảng Ninh,184544.13,1424250,98695.57,13.2,22148000.0,120.01
2020,24,Bắc Giang,112998.47,1983399,62989.13,59.8,14620000.0,129.38
2020,25,Phú Thọ,57546.11,1775565,31501.71,56.4,7150000.0,124.25
2020,26,Vĩnh Phúc,92553.11,1169995,49598.36,11.7,11811000.0,127.61
2020,27,Bắc Ninh,151639.75,1529750,82359.32,16.8,19473000.0,128.42
2020,30,Hải Dương,112107.8,1283935,63459.73,7.4,14194000.0,126.61
2020,31,Hải Phòng,259238.4,2194400,144313.18,14.5,31066000.0,119.84
2020,33,Hưng Yên,87492.45,1088760,48171.99,6.5,10909000.0,124.69
2020,34,Thái Bình,67932.04,1261780,19864.31,11.7,3947000.0,58.1
2020,35,Hà Nam,56791.32,1070825,31590.3,18.6,6927000.0,121.97
2020,36,Nam Định,62094.42,1283935,18186.35,15.8,3758000.0,60.52
2020,37,Ninh Bình,55577.1,1215360,31367.44,5.9,7121000.0,128.13
2020,38,Thanh Hóa,166320.63,3903500,89888.29,53.1,20720000.0,124.58
2020,40,Nghệ An,120684.69,3587000,35405.05,54.3,7254000.0,60.11
2020,42,Hà Tĩnh,62125.13,2425445,33630.75,57.6,7685000.0,123.7
2020,44,Quảng Bình,31911.76,2970880,9569.09,48.2,1903000.0,59.63
2020,45,Quảng Trị,25117.51,2093119,7541.95,49.7,1490000.0,59.32
2020,46,Thừa Thiên Huế,43459.12,2175410,12952.53,57.6,2538000.0,58.4
2020,48,Đà Nẵng,88656.4,1255450,48249.59,55.1,10715000.0,120.86
2020,49,Quảng Nam,76936.93,3632365,42197.99,48.1,9141000.0,118.81
2020,51,Quảng Ngãi,80730.19,2202840,44454.28,49.4,10522000.0,130.34
2020,52,Bình Định,69033.22,2443380,20397.72,53.0,4134000.0,59.88
2020,54,Phú Yên,31046.65,2168025,9128.25,45.5,1883000.0,60.65
2020,56,Khánh Hòa,69678.17,2198620,38264.66,56.0,8887000.0,127.54
2020,58,Ninh Thuận,31573.15,1728090,17748.94,47.7,3821000.0,121.02
2020,60,Bình Thuận,62351.85,2904415,33382.17,51.9,8162000.0,130.9
2020,62,Kon Tum,18531.56,3394990,5433.42,59.2,1148000.0,61.95
2020,64,Gia Lai,56221.8,4934235,16873.86,52.7,3233000.0,57.5
2020,66,Đắk Lắk,70572.07,4280135,21762.46,52.1,4213000.0,59.7
2020,67,Đắk Nông,25312.66,2560485,7761.43,59.3,1481000.0,58.51
2020,68,Lâm Đồng,75484.05,3423475,22871.94,54.2,4269000.0,56.55
2020,70,Bình Phước,56203.16,2655435,31291.36,8.4,7196000.0,128.04
2020,72,Tây Ninh,70525.77,1909550,37844.04,16.4,8636000.0,122.45
2020,74,Bình Dương,293747.53,2743000,158431.54,16.8,37259000.0,126.84
2020,75,Đồng Nai,281822.9,3376000,156706.83,13.5,35027000.0,124.29
2020,77,Bà Rịa - Vũng Tàu,242668.3,1234350,134033.01,5.5,31002000.0,127.75
2020,79,Hồ Chí Minh,1014536.6,9811500,563904.75,8.7,127786000.0,125.96
2020,80,Long An,100262.85,2028764,55644.95,6.8,12778000.0,127.45
2020,82,Tiền Giang,70607.46,1505485,20608.05,21.6,4036000.0,57.16
2020,83,Bến Tre,44705.31,1474890,13638.83,14.6,2637000.0,58.99
2020,84,Trà Vinh,44718.99,1465395,24453.98,10.6,5594000.0,125.09
2020,86,Vĩnh Long,50965.1,1245955,15530.14,18.6,2942000.0,57.73
2020,87,Đồng Tháp,70104.67,1735475,20552.15,14.3,3906000.0,55.72
2020,89,An Giang,74987.86,1776620,22316.11,11.7,4505000.0,60.08
2020,91,Kiên Giang,81446.2,2518285,44657.51,9.0,10148000.0,124.6
2020,92,Cần Thơ,74693.9,1222745,40029.62,15.3,9591000.0,128.4
2020,93,Hậu Giang,31616.12,1271275,9464.06,11.5,1902000.0,60.16
2020,94,Sóc Trăng,44085.64,1716485,13209.17,5.4,2555000.0,57.96
2020,95,Bạc Liêu,31314.94,1547685,17118.66,14.9,3954000.0,126.27
2020,96,Cà Mau,44242.15,2220775,24719.91,18.8,5617000.0,126.96
2021,01,Hà Nội,1087897.4,8954400,581047.82,8.3,94273000.0,86.66
2021,02,Hà Giang,25551.73,2964546,7624.6,65.4,1130000.0,44.22
2021,04,Cao Bằng,16859.77,2638350,4978.08,64.5,717000.0,42.53
2021,06,Bắc Kạn,8589.03,2146924,2564.92,62.7,353000.0,41.1
2021,08,Tuyên Quang,34086.44,2415556,10196.34,61.4,1422000.0,41.72
2021,10,Lào Cai,59919.61,2548806,18367.18,55.5,2473000.0,41.27
2021,11,Điện Biên,24954.08,3395210,7549.99,61.7,1099000.0,44.04
2021,12,Lai Châu,25166.04,3269422,7500.39,61.5,1095000.0,43.51
2021,14,Sơn La,51870.29,4615780,15221.64,63.1,2174000.0,41.91
2021,15,Yên Bái,33820.99,2687386,10278.77,63.1,1518000.0,44.88
2021,17,Hoà Bình,50121.34,2075502,14679.24,63.6,2204000.0,43.97
2021,19,Thái Nguyên,126044.98,1791946,67575.34,53.4,12052000.0,95.62
2021,20,Lạng Sơn,33500.35,3066882,9943.6,55.6,1443000.0,43.07
2021,22,Quảng Ninh,245769.43,1439100,133200.55,9.8,22239000.0,90.49
2021,24,Bắc Giang,150004.0,2004080,82596.55,53.1,14357000.0,95.71
2021,25,Phú Thọ,75503.51,1794078,41626.62,66.1,7095000.0,93.97
2021,26,Vĩnh Phúc,127944.32,1182194,72049.93,9.1,12082000.0,94.43
2021,27,Bắc Ninh,199930.79,1545700,112828.22,11.0,18097000.0,90.52
2021,30,Hải Dương,154482.87,1297322,85165.22,10.3,14144000.0,91.56
2021,31,Hải Phòng,350669.51,2217280,190237.01,12.0,30968000.0,88.31
2021,33,Hưng Yên,117200.31,1100112,65160.66,8.1,10926000.0,93.23
2021,34,Thái Bình,94055.56,1274936,27551.11,14.6,3938000.0,41.87
2021,35,Hà Nam,77729.56,1081990,42709.05,18.7,7038000.0,90.54
2021,36,Nam Định,83247.33,1297322,25173.72,21.2,3681000.0,44.22
2021,37,Ninh Bình,77290.77,1228032,43489.88,8.9,6848000.0,88.6
2021,38,Thanh Hóa,220760.25,3944200,120138.39,49.3,20525000.0,92.97
2021,40,Nghệ An,164296.88,3624400,49767.68,52.3,7065000.0,43.0
2021,42,Hà Tĩnh,84677.98,2450734,45343.76,52.3,8074000.0,95.35
2021,44,Quảng Bình,41847.34,3001856,12697.32,47.6,1831000.0,43.75
2021,45,Quảng Trị,33371.2,2114944,9981.55,54.8,1443000.0,43.24
2021,46,Thừa Thiên Huế,59748.75,2198092,18242.37,57.1,2501000.0,41.86
2021,48,Đà Nẵng,118236.29,1268540,63673.76,57.9,11277000.0,95.38
2021,49,Quảng Nam,101917.83,3670238,57205.16,51.8,9439000.0,92.61
2021,51,Quảng Ngãi,108423.09,2225808,60546.05,46.7,10390000.0,95.83
2021,52,Bình Định,94327.85,2468856,28652.78,45.5,3953000.0,41.91
2021,54,Phú Yên,41996.26,2190630,12493.15,46.1,1889000.0,44.98
2021,56,Khánh Hòa,93476.34,2221544,50812.08,50.2,8531000.0,91.26
2021,58,Ninh Thuận,42568.6,1746108,23434.76,57.0,3893000.0,91.45
2021,60,Bình Thuận,86465.32,2934698,48558.67,47.7,8057000.0,93.18
2021,62,Kon Tum,25048.43,3430388,7657.66,58.1,1128000.0,45.03
2021,64,Gia Lai,77439.95,4985682,23658.42,64.6,3235000.0,41.77
2021,66,Đắk Lắk,91712.0,4324762,27353.44,54.8,4079000.0,44.48
2021,67,Đắk Nông,33709.6,2587182,10401.47,62.3,1498000.0,44.44
2021,68,Lâm Đồng,100259.5,3459170,30731.17,66.8,4377000.0,43.66
2021,70,Bình Phước,76640.75,2683122,42822.15,8.0,7011000.0,91.48
2021,72,Tây Ninh,92897.51,1929460,50009.55,11.2,8272000.0,89.04
2021,74,Bình Dương,382663.1,2771600,205857.63,21.4,35970000.0,94.0
2021,75,Đồng Nai,380054.37,3411200,208183.31,10.3,34288000.0,90.22
2021,77,Bà Rịa - Vũng Tàu,321445.17,1247220,172611.86,15.9,28925000.0,89.98
2021,79,Hồ Chí Minh,1363225.97,9913800,756531.3,7.6,120248000.0,88.21
2021,80,Long An,137197.28,2049918,75276.5,6.0,12955000.0,94.43
2021,82,Tiền Giang,91625.67,1521182,27809.37,21.7,3932000.0,42.91
2021,83,Bến Tre,58507.8,1490268,17153.61,10.2,2474000.0,42.28
2021,84,Trà Vinh,59813.45,1480674,32033.43,13.7,5669000.0,94.78
2021,86,Vĩnh Long,68688.75,1258946,20749.08,10.2,2950000.0,42.95
2021,87,Đồng Tháp,93376.49,1753570,27888.71,7.2,4140000.0,44.34
2021,89,An Giang,101550.81,1795144,29907.04,11.3,4351000.0,42.85
2021,91,Kiên Giang,111679.04,2544542,62284.44,18.1,9729000.0,87.12
2021,92,Cần Thơ,101413.93,1235494,55715.23,5.3,9167000.0,90.39
2021,93,Hậu Giang,42839.43,1284530,12572.0,14.1,1784000.0,41.64
2021,94,Sóc Trăng,58198.83,1734382,17188.54,21.6,2617000.0,44.97
2021,95,Bạc Liêu,43177.41,1563822,23730.27,6.9,3909000.0,90.53
2021,96,Cà Mau,59248.88,2243930,33260.18,6.7,5447000.0,91.93
2022,01,Hà Nội,1181896.67,9046800,643205.08,17.5,99500000.0,84.19
2022,02,Hà Giang,28167.86,2995137,8246.74,62.6,1136000.0,40.33
2022,04,Cao Bằng,18847.79,2665575,5491.81,53.3,770000.0,40.85
2022,06,Bắc Kạn,9435.46,2169078,2876.36,62.0,367000.0,38.9
2022,08,Tuyên Quang,37605.22,2440482,11025.28,61.8,1516000.0,40.31
2022,10,Lào Cai,66976.42,2575107,20129.46,52.7,2693000.0,40.21
2022,11,Điện Biên,28880.91,3430245,8556.57,67.7,1122000.0,38.85
2022,12,Lai Châu,28633.99,3303159,8718.06,65.0,1127000.0,39.36
2022,14,Sơn La,56230.67,4663410,16705.5,66.8,2176000.0,38.7
2022,15,Yên Bái,37858.62,2715117,11311.3,59.0,1497000.0,39.54
2022,17,Hoà Bình,58091.43,2096919,17156.29,53.9,2171000.0,37.37
2022,19,Thái Nguyên,144908.06,1810437,80396.7,56.6,12168000.0,83.97
2022,20,Lạng Sơn,38603.25,3098529,11821.75,66.7,1454000.0,37.67
2022,22,Quảng Ninh,277961.85,1453950,152306.67,9.3,23570000.0,84.8
2022,24,Bắc Giang,172986.33,2024760,94917.22,65.5,14502000.0,83.83
2022,25,Phú Thọ,86566.47,1812591,48057.67,54.8,7146000.0,82.55
2022,26,Vĩnh Phúc,141991.07,1194393,77600.64,12.8,12139000.0,85.49
2022,27,Bắc Ninh,231900.02,1561650,131029.55,18.4,18708000.0,80.67
2022,30,Hải Dương,168077.82,1310709,94671.2,12.8,14398000.0,85.66
2022,31,Hải Phòng,392531.51,2240160,221010.5,15.8,32735000.0,83.39
2022,33,Hưng Yên,130877.56,1111464,72062.16,7.6,11287000.0,86.24
2022,34,Thái Bình,104697.46,1288092,31748.89,5.7,3944000.0,37.67
2022,35,Hà Nam,86360.56,1093155,46278.79,6.2,6843000.0,79.24
2022,36,Nam Định,96870.13,1310709,29475.17,11.0,3648000.0,37.66
2022,37,Ninh Bình,85104.97,1240704,47579.09,16.2,6941000.0,81.56
2022,38,Thanh Hóa,252141.04,3984900,142316.93,45.6,20020000.0,79.4
2022,40,Nghệ An,178090.06,3661800,54151.42,55.6,6885000.0,38.66
2022,42,Hà Tĩnh,95155.27,2476023,53405.25,54.5,7939000.0,83.43
2022,44,Quảng Bình,47738.4,3032832,14328.7,48.9,1864000.0,39.05
2022,45,Quảng Trị,38340.71,2136768,11759.86,53.3,1514000.0,39.49
2022,46,Thừa Thiên Huế,65687.62,2220774,19660.83,45.1,2544000.0,38.73
2022,48,Đà Nẵng,134392.66,1281630,76097.12,46.3,10990000.0,81.78
2022,49,Quảng Nam,115529.84,3708111,62413.05,52.2,9671000.0,83.71
2022,51,Quảng Ngãi,124246.67,2248776,67056.53,49.6,10519000.0,84.66
2022,52,Bình Định,104873.28,2494332,30528.0,54.9,3928000.0,37.45
2022,54,Phú Yên,48034.05,2213235,14152.98,57.5,1835000.0,38.2
2022,56,Khánh Hòa,103921.86,2244468,55952.91,49.0,8965000.0,86.27
2022,58,Ninh Thuận,48510.86,1764126,26470.16,50.8,4026000.0,82.99
2022,60,Bình Thuận,96602.6,2964981,53428.04,50.1,7857000.0,81.33
2022,62,Kon Tum,28763.22,3465786,8371.76,61.9,1100000.0,38.24
2022,64,Gia Lai,86627.26,5037129,25353.53,61.4,3333000.0,38.48
2022,66,Đắk Lắk,105242.05,4369389,30748.29,61.3,4100000.0,38.96
2022,67,Đắk Nông,38145.53,2613879,11514.72,62.8,1520000.0,39.85
2022,68,Lâm Đồng,113108.51,3494865,34594.34,60.0,4300000.0,38.02
2022,70,Bình Phước,84107.83,2710809,45799.23,18.3,7239000.0,86.07
2022,72,Tây Ninh,105854.4,1949370,58280.24,12.5,8458000.0,79.9
2022,74,Bình Dương,434604.4,2800200,238086.13,6.5,35582000.0,81.87
2022,75,Đồng Nai,420229.83,3446400,234394.48,22.0,36019000.0,85.71
2022,77,Bà Rịa - Vũng Tàu,363566.92,1260090,199016.96,15.8,30753000.0,84.59
2022,79,Hồ Chí Minh,1498890.35,10016100,819933.28,19.3,125416000.0,83.67
2022,80,Long An,152650.4,2071071,84399.85,8.1,12520000.0,82.02
2022,82,Tiền Giang,103953.59,1536879,30299.51,5.4,4188000.0,40.29
2022,83,Bến Tre,65988.62,1505646,19818.06,10.1,2688000.0,40.73
2022,84,Trà Vinh,65951.93,1495953,36120.47,19.8,5690000.0,86.27
2022,86,Vĩnh Long,75150.81,1271937,22954.63,12.8,2963000.0,39.43
2022,87,Đồng Tháp,103112.1,1771665,30155.22,17.4,4078000.0,39.55
2022,89,An Giang,113871.24,1813668,34631.79,18.0,4329000.0,38.02
2022,91,Kiên Giang,124218.17,2570799,66825.24,17.8,10415000.0,83.84
2022,92,Cần Thơ,116244.68,1248243,62281.06,6.0,9329000.0,80.25
2022,93,Hậu Giang,47113.11,1297785,13919.36,20.4,1817000.0,38.57
2022,94,Sóc Trăng,65985.64,1752279,20103.79,12.6,2654000.0,40.22
2022,95,Bạc Liêu,46739.54,1579959,25687.58,5.6,3818000.0,81.69
2022,96,Cà Mau,67675.74,2267085,36415.98,14.1,5499000.0,81.26
2023,01,Hà Nội,1280082.25,9139200,720935.28,5.4,110883000.0,86.62
2023,02,Hà Giang,30128.48,3025728,9045.32,64.9,1218000.0,40.43
2023,04,Cao Bằng,20077.22,2692800,6126.62,55.2,799000.0,39.8
2023,06,Bắc Kạn,10084.71,2191232,2994.59,64.1,408000.0,40.46
2023,08,Tuyên Quang,40404.54,2465408,12396.15,66.1,1677000.0,41.51
2023,10,Lào Cai,70805.01,2601408,21179.36,67.8,2912000.0,41.13
2023,11,Điện Biên,30085.42,3465280,8790.17,59.4,1262000.0,41.95
2023,12,Lai Châu,30712.87,3336896,9212.65,53.7,1237000.0,40.28
2023,14,Sơn La,62120.99,4711040,18502.59,64.4,2534000.0,40.79
2023,15,Yên Bái,40402.71,2742848,12137.78,56.6,1667000.0,41.26
2023,17,Hoà Bình,61521.15,2118336,18605.38,64.8,2423000.0,39.38
2023,19,Thái Nguyên,155872.78,1828928,85899.92,54.5,13234000.0,84.9
2023,20,Lạng Sơn,41366.83,3130176,12273.61,65.7,1682000.0,40.66
2023,22,Quảng Ninh,293545.31,1468800,162943.41,8.4,25322000.0,86.26
2023,24,Bắc Giang,182350.48,2045440,103202.39,54.3,15263000.0,83.7
2023,25,Phú Thọ,90834.2,1831104,51139.81,62.5,7600000.0,83.67
2023,26,Vĩnh Phúc,156169.04,1206592,86203.05,20.9,12563000.0,80.44
2023,27,Bắc Ninh,244526.32,1577600,132554.1,17.4,21650000.0,88.54
2023,30,Hải Dương,183726.95,1324096,103911.59,15.3,15447000.0,84.08
2023,31,Hải Phòng,412624.6,2263040,222194.69,8.8,34905000.0,84.59
2023,33,Hưng Yên,145112.2,1122816,80104.89,13.9,11786000.0,81.22
2023,34,Thái Bình,114059.56,1301248,34675.32,6.2,4553000.0,39.92
2023,35,Hà Nam,92156.41,1104320,49413.98,12.8,7808000.0,84.73
2023,36,Nam Định,100851.45,1324096,31064.52,19.4,4127000.0,40.92
2023,37,Ninh Bình,91857.45,1253376,50254.13,16.1,7846000.0,85.41
2023,38,Thanh Hóa,265132.4,4025600,146831.6,46.1,23276000.0,87.79
2023,40,Nghệ An,196572.76,3699200,58990.25,57.6,7685000.0,39.09
2023,42,Hà Tĩnh,104197.39,2501312,57885.96,53.3,8454000.0,81.13
2023,44,Quảng Bình,51889.8,3063808,15499.21,47.1,1956000.0,37.7
2023,45,Quảng Trị,40984.93,2158592,12315.69,54.4,1680000.0,40.99
2023,46,Thừa Thiên Huế,70348.82,2243456,21397.79,47.4,2932000.0,41.68
2023,48,Đà Nẵng,144931.59,1294720,79907.48,54.2,11980000.0,82.66
2023,49,Quảng Nam,122520.14,3745984,68686.51,51.0,10305000.0,84.11
2023,51,Quảng Ngãi,132852.64,2271744,74508.04,49.4,10998000.0,82.78
2023,52,Bình Định,113393.35,2519808,34683.35,46.3,4386000.0,38.68
2023,54,Phú Yên,50377.06,2235840,14975.23,50.9,2076000.0,41.21
2023,56,Khánh Hòa,113119.6,2267392,62667.2,49.6,9816000.0,86.78
2023,58,Ninh Thuận,51050.3,1782144,28884.79,53.2,4213000.0,82.53
2023,60,Bình Thuận,102938.34,2995264,56021.97,53.9,8387000.0,81.48
2023,62,Kon Tum,30266.6,3501184,9273.79,55.6,1254000.0,41.43
2023,64,Gia Lai,91183.97,5088576,27589.7,63.1,3668000.0,40.23
2023,66,Đắk Lắk,111564.17,4414016,32892.2,52.5,4409000.0,39.52
2023,67,Đắk Nông,41137.7,2640576,12665.87,65.9,1663000.0,40.43
2023,68,Lâm Đồng,124076.86,3530560,37591.53,56.2,5045000.0,40.66
2023,70,Bình Phước,92624.47,2738496,51128.2,6.9,7785000.0,84.05
2023,72,Tây Ninh,112261.51,1969280,63094.4,14.3,9464000.0,84.3
2023,74,Bình Dương,479170.51,2828800,257388.25,12.2,38493000.0,80.33
2023,75,Đồng Nai,454075.16,3481600,256006.0,9.8,39316000.0,86.58
2023,77,Bà Rịa - Vũng Tàu,385200.07,1272960,217081.59,17.8,33813000.0,87.78
2023,79,Hồ Chí Minh,1603956.22,10118400,906672.73,17.4,136812000.0,85.3
2023,80,Long An,165703.68,2092224,89942.33,19.8,13467000.0,81.27
2023,82,Tiền Giang,113355.9,1552576,34089.81,6.6,4386000.0,38.69
2023,83,Bến Tre,70157.05,1521024,21007.67,10.1,2873000.0,40.95
2023,84,Trà Vinh,70972.27,1511232,38566.14,17.6,5861000.0,82.58
2023,86,Vĩnh Long,83092.26,1284928,25454.55,16.4,3282000.0,39.5
2023,87,Đồng Tháp,114204.22,1789760,33614.41,6.3,4386000.0,38.4
2023,89,An Giang,124106.94,1832192,36192.57,14.9,5080000.0,40.93
2023,91,Kiên Giang,134774.04,2597056,74221.1,6.1,11592000.0,86.01
2023,92,Cần Thơ,123147.23,1260992,66166.12,6.6,10765000.0,87.42
2023,93,Hậu Giang,51454.91,1311040,15741.45,19.9,2048000.0,39.8
2023,94,Sóc Trăng,71602.53,1770176,21391.09,10.4,2835000.0,39.59
2023,95,Bạc Liêu,51668.91,1596096,28591.69,20.2,4324000.0,83.69
2023,96,Cà Mau,71859.1,2290240,39833.88,15.1,6179000.0,85.99
2024,01,Hà Nội,1368949.78,9231600,753480.92,6.8,116707000.0,85.25
2024,02,Hà Giang,32931.5,3056319,9999.34,67.9,1276000.0,38.75
2024,04,Cao Bằng,21762.12,2720025,6487.34,58.7,870000.0,39.98
2024,06,Bắc Kạn,11159.02,2213386,3390.7,61.7,432000.0,38.71
2024,08,Tuyên Quang,44488.83,2490334,13711.06,65.1,1683000.0,37.83
2024,10,Lào Cai,77279.35,2627709,22559.42,56.1,2959000.0,38.29
2024,11,Điện Biên,33076.76,3500315,10034.12,53.8,1302000.0,39.36
2024,12,Lai Châu,32882.34,3370633,9787.2,53.9,1306000.0,39.72
2024,14,Sơn La,66541.9,4758670,19448.74,53.3,2599000.0,39.06
2024,15,Yên Bái,44696.02,2770579,13544.43,62.9,1734000.0,38.8
2024,17,Hoà Bình,66126.81,2139753,19254.96,62.2,2716000.0,41.07
2024,19,Thái Nguyên,165441.63,1847419,93033.13,63.6,13598000.0,82.19
2024,20,Lạng Sơn,44627.03,3161823,13039.84,60.5,1703000.0,38.16
2024,22,Quảng Ninh,315291.73,1483650,171973.08,13.0,26126000.0,82.86
2024,24,Bắc Giang,193779.75,2066120,106080.29,56.7,16809000.0,86.74
2024,25,Phú Thọ,99125.16,1849617,53026.35,54.0,8453000.0,85.28
2024,26,Vĩnh Phúc,164618.75,1218791,91367.26,21.2,14136000.0,85.87
2024,27,Bắc Ninh,266087.67,1593550,146403.24,15.8,21667000.0,81.43
2024,30,Hải Dương,194794.17,1337483,105702.11,21.5,16601000.0,85.22
2024,31,Hải Phòng,449856.61,2285920,242909.62,15.4,37658000.0,83.71
2024,33,Hưng Yên,151918.36,1134168,83638.18,5.1,12573000.0,82.76
2024,34,Thái Bình,119422.77,1314404,34830.96,6.8,4758000.0,39.84
2024,35,Hà Nam,100016.06,1115485,55246.63,13.7,8275000.0,82.74
2024,36,Nam Định,111696.26,1337483,33301.82,6.5,4423000.0,39.6
2024,37,Ninh Bình,97293.58,1266048,53014.53,13.6,8666000.0,89.07
2024,38,Thanh Hóa,283689.1,4066300,158174.47,53.5,24979000.0,88.05
2024,40,Nghệ An,210226.31,3736600,62802.75,53.7,8177000.0,38.9
2024,42,Hà Tĩnh,108949.33,2526601,60961.13,50.8,9572000.0,87.86
2024,44,Quảng Bình,55608.04,3094784,17040.31,56.9,2179000.0,39.18
2024,45,Quảng Trị,43601.79,2180416,13145.05,49.8,1767000.0,40.53
2024,46,Thừa Thiên Huế,77492.05,2266138,23510.41,49.9,2986000.0,38.53
2024,48,Đà Nẵng,153292.84,1307810,82503.07,56.6,12927000.0,84.33
2024,49,Quảng Nam,129938.86,3783857,69431.5,53.4,11341000.0,87.28
2024,51,Quảng Ngãi,141829.91,2294712,76001.9,50.3,11970000.0,84.4
2024,52,Bình Định,121635.71,2545284,36722.31,49.7,4712000.0,38.74
2024,54,Phú Yên,55971.73,2258445,16745.18,53.9,2128000.0,38.02
2024,56,Khánh Hòa,120710.38,2290316,64508.68,51.6,10665000.0,88.35
2024,58,Ninh Thuận,54645.72,1800162,29223.81,45.4,4633000.0,84.78
2024,60,Bình Thuận,108306.83,3025547,57865.16,54.8,9318000.0,86.03
2024,62,Kon Tum,32662.31,3536582,10033.91,53.9,1363000.0,41.73
2024,64,Gia Lai,98084.65,5140023,30111.13,61.6,4047000.0,41.26
2024,66,Đắk Lắk,123118.36,4458643,36466.59,67.4,4778000.0,38.81
2024,67,Đắk Nông,43718.87,2667273,12990.06,60.7,1704000.0,38.98
2024,68,Lâm Đồng,132043.08,3566255,39712.05,64.2,5399000.0,40.89
2024,70,Bình Phước,98584.58,2766183,53578.45,9.4,8208000.0,83.26
2024,72,Tây Ninh,118642.91,1989190,64636.75,9.6,10667000.0,89.91
2024,74,Bình Dương,506245.9,2857400,275883.84,14.9,41763000.0,82.5
2024,75,Đồng Nai,482038.66,3516800,267129.31,13.3,40811000.0,84.66
2024,77,Bà Rịa - Vũng Tàu,425482.13,1285830,239355.14,15.6,35723000.0,83.96
2024,79,Hồ Chí Minh,1765279.05,10220700,953503.65,11.7,144070000.0,81.61
2024,80,Long An,175508.16,2113377,96778.68,8.9,15513000.0,88.39
2024,82,Tiền Giang,122758.16,1568273,37318.31,14.1,4963000.0,40.43
2024,83,Bến Tre,75724.48,1536402,23113.32,7.1,3140000.0,41.47
2024,84,Trà Vinh,76170.62,1526511,42841.71,21.0,6360000.0,83.5
2024,86,Vĩnh Long,87708.86,1297919,27072.02,13.2,3608000.0,41.14
2024,87,Đồng Tháp,121208.68,1807855,36090.6,9.9,4706000.0,38.83
2024,89,An Giang,133139.78,1850716,39670.03,13.7,5255000.0,39.47
2024,91,Kiên Giang,143181.23,2623313,80477.02,21.7,12064000.0,84.26
2024,92,Cần Thơ,133486.16,1273741,74582.64,14.7,11628000.0,87.11
2024,93,Hậu Giang,54242.24,1324295,15891.17,19.5,2180000.0,40.19
2024,94,Sóc Trăng,77926.72,1788073,23929.4,6.1,3162000.0,40.58
2024,95,Bạc Liêu,54786.51,1612233,30151.44,15.7,4834000.0,88.23
2024,96,Cà Mau,75381.57,2313395,41402.26,16.7,6661000.0,88.36
